data/input/fsm/pd/fsm004.pd.mgz,data/input/fsm/labels/fsm004.dc.labels.mgz
data/input/fsm/pd/fsm004.pd.mgz,data/input/fsm/labels/fsm004.jm.labels.mgz
data/input/fsm/pd/fsm005.pd.mgz,data/input/fsm/labels/fsm005.dc.labels.mgz
data/input/fsm/pd/fsm005.pd.mgz,data/input/fsm/labels/fsm005.jm.labels.mgz
data/input/fsm/pd/fsm006.pd.mgz,data/input/fsm/labels/fsm006.dc.labels.mgz
data/input/fsm/pd/fsm006.pd.mgz,data/input/fsm/labels/fsm006.jm.labels.mgz
data/input/fsm/pd/fsm007.pd.mgz,data/input/fsm/labels/fsm007.dc.labels.mgz
data/input/fsm/pd/fsm007.pd.mgz,data/input/fsm/labels/fsm007.jm.labels.mgz
data/input/fsm/pd/fsm008.pd.mgz,data/input/fsm/labels/fsm008.dc.labels.mgz
data/input/fsm/pd/fsm008.pd.mgz,data/input/fsm/labels/fsm008.jm.labels.mgz
data/input/fsm/pd/fsm009.pd.mgz,data/input/fsm/labels/fsm009.dc.labels.mgz
data/input/fsm/pd/fsm009.pd.mgz,data/input/fsm/labels/fsm009.jm.labels.mgz
data/input/fsm/pd/fsm010.pd.mgz,data/input/fsm/labels/fsm010.dc.labels.mgz
data/input/fsm/pd/fsm010.pd.mgz,data/input/fsm/labels/fsm010.jm.labels.mgz
data/input/fsm/pd/fsm011.pd.mgz,data/input/fsm/labels/fsm011.dc.labels.mgz
data/input/fsm/pd/fsm011.pd.mgz,data/input/fsm/labels/fsm011.jm.labels.mgz
data/input/fsm/pd/fsm012.pd.mgz,data/input/fsm/labels/fsm012.dc.labels.mgz
data/input/fsm/pd/fsm012.pd.mgz,data/input/fsm/labels/fsm012.jm.labels.mgz
data/input/fsm/pd/fsm013.pd.mgz,data/input/fsm/labels/fsm013.dc.labels.mgz
data/input/fsm/pd/fsm013.pd.mgz,data/input/fsm/labels/fsm013.jm.labels.mgz
data/input/fsm/pd/fsm014.pd.mgz,data/input/fsm/labels/fsm014.dc.labels.mgz
data/input/fsm/pd/fsm014.pd.mgz,data/input/fsm/labels/fsm014.jm.labels.mgz
data/input/fsm/pd/fsm015.pd.mgz,data/input/fsm/labels/fsm015.dc.labels.mgz
data/input/fsm/pd/fsm015.pd.mgz,data/input/fsm/labels/fsm015.jm.labels.mgz
data/input/fsm/pd/fsm017.pd.mgz,data/input/fsm/labels/fsm017.dc.labels.mgz
data/input/fsm/pd/fsm017.pd.mgz,data/input/fsm/labels/fsm017.jm.labels.mgz
data/input/fsm/pd/fsm018.pd.mgz,data/input/fsm/labels/fsm018.dc.labels.mgz
data/input/fsm/pd/fsm018.pd.mgz,data/input/fsm/labels/fsm018.jm.labels.mgz
data/input/fsm/pd/fsm019.pd.mgz,data/input/fsm/labels/fsm019.dc.labels.mgz
data/input/fsm/pd/fsm019.pd.mgz,data/input/fsm/labels/fsm019.jm.labels.mgz
data/input/fsm/pd/fsm020.pd.mgz,data/input/fsm/labels/fsm020.dc.labels.mgz
data/input/fsm/pd/fsm020.pd.mgz,data/input/fsm/labels/fsm020.jm.labels.mgz
data/input/fsm/pd/fsm021.pd.mgz,data/input/fsm/labels/fsm021.dc.labels.mgz
data/input/fsm/pd/fsm021.pd.mgz,data/input/fsm/labels/fsm021.jm.labels.mgz
data/input/fsm/pd/fsm022.pd.mgz,data/input/fsm/labels/fsm022.dc.labels.mgz
data/input/fsm/pd/fsm022.pd.mgz,data/input/fsm/labels/fsm022.jm.labels.mgz
data/input/fsm/pd/fsm023.pd.mgz,data/input/fsm/labels/fsm023.dc.labels.mgz
data/input/fsm/pd/fsm023.pd.mgz,data/input/fsm/labels/fsm023.jm.labels.mgz
data/input/fsm/pd/fsm025.pd.mgz,data/input/fsm/labels/fsm025.dc.labels.mgz
data/input/fsm/pd/fsm025.pd.mgz,data/input/fsm/labels/fsm025.jm.labels.mgz
data/input/fsm/pd/fsm026.pd.mgz,data/input/fsm/labels/fsm026.dc.labels.mgz
data/input/fsm/pd/fsm026.pd.mgz,data/input/fsm/labels/fsm026.jm.labels.mgz
data/input/fsm/pd/fsm027.pd.mgz,data/input/fsm/labels/fsm027.dc.labels.mgz
data/input/fsm/pd/fsm027.pd.mgz,data/input/fsm/labels/fsm027.jm.labels.mgz
data/input/fsm/pd/fsm028.pd.mgz,data/input/fsm/labels/fsm028.dc.labels.mgz
data/input/fsm/pd/fsm028.pd.mgz,data/input/fsm/labels/fsm028.jm.labels.mgz
data/input/fsm/pd/fsm029.pd.mgz,data/input/fsm/labels/fsm029.dc.labels.mgz
data/input/fsm/pd/fsm029.pd.mgz,data/input/fsm/labels/fsm029.jm.labels.mgz
data/input/fsm/pd/fsm031.pd.mgz,data/input/fsm/labels/fsm031.dc.labels.mgz
data/input/fsm/pd/fsm031.pd.mgz,data/input/fsm/labels/fsm031.jm.labels.mgz
data/input/fsm/pd/fsm033.pd.mgz,data/input/fsm/labels/fsm033.dc.labels.mgz
data/input/fsm/pd/fsm033.pd.mgz,data/input/fsm/labels/fsm033.jm.labels.mgz
data/input/fsm/pd/fsm035.pd.mgz,data/input/fsm/labels/fsm035.dc.labels.mgz
data/input/fsm/pd/fsm035.pd.mgz,data/input/fsm/labels/fsm035.jm.labels.mgz
data/input/fsm/pd/fsm036.pd.mgz,data/input/fsm/labels/fsm036.dc.labels.mgz
data/input/fsm/pd/fsm036.pd.mgz,data/input/fsm/labels/fsm036.jm.labels.mgz
data/input/fsm/pd/fsm038.pd.mgz,data/input/fsm/labels/fsm038.dc.labels.mgz
data/input/fsm/pd/fsm038.pd.mgz,data/input/fsm/labels/fsm038.jm.labels.mgz
data/input/fsm/pd/fsm039.pd.mgz,data/input/fsm/labels/fsm039.dc.labels.mgz
data/input/fsm/pd/fsm039.pd.mgz,data/input/fsm/labels/fsm039.jm.labels.mgz
data/input/fsm/pd/fsm041.pd.mgz,data/input/fsm/labels/fsm041.dc.labels.mgz
data/input/fsm/pd/fsm041.pd.mgz,data/input/fsm/labels/fsm041.jm.labels.mgz
data/input/fsm/pd/fsm042.pd.mgz,data/input/fsm/labels/fsm042.dc.labels.mgz
data/input/fsm/pd/fsm042.pd.mgz,data/input/fsm/labels/fsm042.jm.labels.mgz
